"binomial","LL","rangeSize","Fst","minLat","maxLat","latDif"
"Acanthagrion_quadratum","Lentic",22191,"Non Forest",10.3875000003252,31.262500000001,20.8749999996758
"Aeshna_canadensis","Lentic",399266,"Non Forest",37.0124999999116,60.6374999995447,23.6249999996331
"Aeshna_clepsydra","Lentic",88035,"Non Forest",38.3874999998903,48.2208333330709,9.8333333331806
"Aeshna_constricta","Lentic",241578,"Non Forest",34.3874999999524,53.8874999996495,19.4999999996971
"Aeshna_eremita","Lentic",471709,"Non Forest",38.2208333332262,69.7208333327369,31.4999999995107
"Aeshna_interrupta","Lentic",604469,"Non Forest",31.429166666665,66.8458333327816,35.4166666661166
"Aeshna_juncea","Lentic",1966158,"Non Forest",32.3458333333175,71.3458333327116,38.9999999993941
"Aeshna_palmata","Lentic",353205,"Non Forest",32.1374999999874,65.3458333328049,33.2083333328175
"Aeshna_persephone","Lentic",53740,"Non Forest",18.1791666668709,39.929166666533,21.7499999996621
"Aeshna_septentrionalis","Lentic",200991,"Non Forest",47.6374999997466,70.3874999993932,22.7499999996466
"Aeshna_sitchensis","Lentic",709932,"Non Forest",39.1791666665447,69.6374999994049,30.4583333328602
"Aeshna_subarctica","Lentic",1131555,"Non Forest",40.6791666665214,79.4708333325854,38.791666666064
"Aeshna_tuberculifera","Lentic",136455,"Non Forest",34.8458333332786,55.5541666662903,20.7083333330117
"Aeshna_umbrosa","Lentic",579750,"Non Forest",31.7208333333272,59.5958333328942,27.874999999567
"Aeshna_verticalis","Lentic",123430,"Non Forest",35.1791666666068,50.8458333330301,15.6666666664233
"Aeshna_walkeri","Lentic",12770,"Non Forest",31.9291666666573,46.7624999997602,14.8333333331029
"Amphiagrion_abbreviatum","Lentic",191404,"Non Forest",32.5124999999816,53.8458333329835,21.3333333330019
"Amphiagrion_saucium","Lentic",88937,"Non Forest",32.7208333333116,47.2208333330864,14.4999999997748
"Anax_amazili","Lentic",358016,"Non Forest",-32.2374999990126,32.4291666666495,64.6666666656621
"Anax_concolor","Lentic",403745,"Non Forest",-26.695833332432,27.2208333333971,53.9166666658291
"Anax_junius","Lentic",599794,"Non Forest",13.8458333336049,65.3458333328049,51.4999999992
"Anax_longipes","Lentic",95618,"Non Forest",24.845833333434,46.262499999768,21.416666666334
"Anax_walsinghami","Lentic",50571,"Non Forest",17.0125000002223,41.6374999998398,24.6249999996175
"Apanisagrion_lais","Lotic",21677,"Forest",4.84583333374465,33.7624999999621,28.9166666662175
"Aphylla_angustifolia","Lentic",39806,"Non Forest",9.76250000033495,32.1791666666534,22.4166666663185
"Aphylla_protracta","Lentic",40700,"Non Forest",9.55416666700485,33.8041666666282,24.2499999996233
"Aphylla_williamsoni","Lentic",62999,"Non Forest",24.845833333434,37.5124999999039,12.6666666664699
"Archilestes_californicus","Lentic",54854,"Non Forest",12.8041666669544,49.0541666663913,36.2499999994369
"Archilestes_grandis","Lentic",322312,"Non Forest",4.9291666670767,49.1374999997233,44.2083333326466
"Archilestes_regalis","Lentic",1803,"Non Forest",18.554166666865,25.2625000000942,6.7083333332292
"Argia_agrioides","Lotic",40606,"Forest",22.845833333465,45.1374999997854,22.2916666663204
"Argia_alberta","Lotic",239037,"Non Forest",28.3458333333796,49.9291666663777,21.5833333329981
"Argia_anceps","Lotic",75906,"Non Forest",8.09583333369417,33.2208333333039,25.1249999996097
"Argia_apicalis","Lotic",342373,"Non Forest",25.2208333334282,50.9708333330282,25.7499999996
"Argia_barretti","Lotic",30856,"Non Forest",19.5125000001835,35.1374999999408,15.6249999997573
"Argia_bipunctulata","Lotic",83628,"Non Forest",26.8041666667369,42.095833333166,15.2916666664291
"Argia_carlcooki","Lotic",11063,"Non Forest",17.6375000002126,31.262500000001,13.6249999997884
"Argia_cuprea","Lotic",59952,"Non Forest",8.47083333368835,31.9291666666573,23.4583333329689
"Argia_deami","Lotic",6071,"Non Forest",16.262500000234,31.304166666667,15.041666666433
"Argia_emma","Lotic",101216,"Non Forest",34.4291666666184,51.7208333330165,17.2916666663981
"Argia_extranea","Lotic",62118,"Non Forest",9.05416666701262,34.6791666666146,25.624999999602
"Argia_fumipennis","Lotic",325773,"Non Forest",19.7625000001796,50.3458333330379,30.5833333328583
"Argia_funcki","Lotic",33835,"Non Forest",13.1375000002825,29.8458333333563,16.7083333330738
"Argia_funebris","Lotic",153128,"Non Forest",-0.945833332832038,43.8874999998049,44.8333333326369
"Argia_garrisoni","Lotic",1068,"Forest",20.512500000168,25.4291666667582,4.9166666665902
"Argia_harknessi","Lotic",18829,"Non Forest",16.8458333335582,33.9291666666262,17.083333333068
"Argia_herberti","Lotic",3215,"Forest",14.8041666669233,29.3041666666981,14.4999999997748
"Argia_hinei","Lotic",65205,"Non Forest",22.720833333467,38.7624999998845,16.0416666664175
"Argia_immunda","Lotic",299453,"Non Forest",13.1791666669485,49.0958333330573,35.9166666661088
"Argia_lacrimans","Lotic",12071,"Non Forest",16.4291666668981,33.1374999999718,16.7083333330737
"Argia_leonorae","Lotic",35718,"Non Forest",24.7625000001019,35.720833333265,10.9583333331631
"Argia_lugens","Lotic",178458,"Non Forest",17.9708333335408,44.4291666664631,26.4583333329223
"Argia_moesta","Lotic",337915,"Non Forest",23.9291666667815,49.3874999997194,25.4583333329379
"Argia_munda","Lotic",13925,"Non Forest",19.7625000001796,35.4708333332689,15.7083333330893
"Argia_nahuana","Lotic",215685,"Non Forest",18.0125000002068,48.7208333330631,30.7083333328563
"Argia_oculata","Lotic",282405,"Forest",-18.4041666658942,32.3041666666515,50.7083333325457
"Argia_oenea","Lotic",30921,"Non Forest",7.30416666703981,36.3041666665893,28.9999999995495
"Argia_pallens","Lotic",29951,"Non Forest",14.0541666669349,35.9708333332612,21.9166666663263
"Argia_pima","Lotic",8629,"Non Forest",27.5125000000592,35.595833333267,8.0833333332078
"Argia_plana","Lotic",212974,"Non Forest",17.7208333335447,47.4708333330825,29.7499999995378
"Argia_pulla","Lotic",103331,"Non Forest",-3.52916666612525,29.9291666666883,33.4583333328136
"Argia_rhoadsi","Lotic",4514,"Non Forest",17.7625000002107,30.6791666666767,12.916666666466
"Argia_rudolphi","Lotic",5614,"Non Forest",8.01250000036214,23.3875000001233,15.3749999997612
"Argia_sabino","Lotic",1218,"Non Forest",27.5125000000592,32.6791666666456,5.1666666665864
"Argia_sedula","Lotic",200525,"Non Forest",18.554166666865,44.3874999997971,25.8333333329321
"Argia_tarascana","Lotic",28725,"Non Forest",17.7208333335447,34.3874999999524,16.6666666664077
"Argia_tezpi","Lotic",70600,"Non Forest",-1.07083333283011,34.4291666666184,35.4999999994485
"Argia_tibialis","Lotic",206600,"Forest",27.012500000067,47.1791666664204,20.1666666663534
"Argia_tonto","Lotic",43702,"Non Forest",19.3875000001854,36.7208333332495,17.3333333330641
"Argia_translata","Lotic",495184,"Non Forest",-24.7374999991291,46.5958333330961,71.3333333322252
"Argia_ulmeca","Lotic",61169,"Non Forest",4.76250000041262,29.3041666666981,24.5416666662855
"Argia_variabilis","Lotic",12196,"Non Forest",14.6375000002592,24.2208333334437,9.5833333331845
"Argia_vivida","Lotic",184669,"Non Forest",22.845833333465,52.6374999996689,29.7916666662039
"Argia_westfalli","Lotic",9361,"Non Forest",16.7625000002262,26.2625000000786,9.4999999998524
"Arigomphus_cornutus","Lentic",134382,"Non Forest",38.5958333332204,52.3874999996728,13.7916666664524
"Arigomphus_furcifer","Lentic",49517,"Non Forest",38.5958333332204,48.554166666399,9.9583333331786
"Arigomphus_lentulus","Lentic",51885,"Non Forest",27.7208333333893,39.887499999867,12.1666666664777
"Arigomphus_maxwelli","Lentic",13279,"Non Forest",29.3875000000301,36.5124999999194,7.1249999998893
"Arigomphus_pallidus","Lentic",29223,"Non Forest",24.845833333434,38.3458333332243,13.4999999997903
"Arigomphus_submedianus","Lentic",103237,"Non Forest",27.4708333333932,45.9291666664398,18.4583333330466
"Arigomphus_villosipes","Lentic",67839,"Non Forest",33.6374999999641,45.5124999997796,11.8749999998155
"Basiaeschna_janata","Lentic",341113,"Forest",28.4291666667117,55.4291666662922,26.9999999995805
"Boyeria_grafiana","Lentic",81344,"Forest",33.6374999999641,50.8458333330301,17.208333333066
"Boyeria_vinosa","Lentic",218712,"Non Forest",26.6375000000728,51.3458333330223,24.7083333329495
"Brachymesia_furcata","Lentic",397233,"Non Forest",-30.0291666657136,37.6374999999019,67.6666666656155
"Brachymesia_gravida","Lentic",86292,"Non Forest",24.5125000001058,43.7624999998068,19.249999999701
"Brachymesia_herbida","Lentic",417764,"Non Forest",-29.6124999990534,41.970833333168,71.5833333322214
"Brechmorhoga_mendax","Lotic",234760,"Non Forest",14.3041666669311,44.4291666664631,30.124999999532
"Brechmorhoga_pertinax","Lotic",50391,"Non Forest",-16.5291666659233,36.7624999999155,53.2916666658388
"Brechmorhoga_praecox","Lotic",14463,"Non Forest",-4.44583333277767,33.1791666666379,37.6249999994156
"Brechmorhoga_tepeaca","Lotic",13202,"Forest",17.7625000002107,29.137500000034,11.3749999998233
"Brechmorhoga_vivax","Lotic",77605,"Non Forest",-28.1958333324087,29.137500000034,57.3333333324427
"Calopteryx_aequabilis","Lotic",326238,"Forest",37.1791666665757,60.2208333328845,23.0416666663088
"Calopteryx_amata","Lotic",39989,"Forest",34.7624999999466,48.6374999997311,13.8749999997845
"Calopteryx_angustipennis","Lotic",53746,"Forest",32.0958333333214,42.4291666664942,10.3333333331728
"Calopteryx_dimidiata","Lotic",80037,"Non Forest",26.3458333334107,43.8041666664728,17.4583333330621
"Calopteryx_maculata","Lotic",214746,"Forest",26.3875000000767,50.8458333330301,24.4583333329534
"Cannaphila_insularis","Lentic",20226,"Non Forest",6.13750000039126,31.429166666665,25.2916666662737
"Cannaphila_vibex","Lentic",64759,"Non Forest",-28.6124999990689,21.8875000001466,50.4999999992155
"Celithemis_amanda","Lentic",37156,"Non Forest",26.3458333334107,36.9708333332456,10.6249999998349
"Celithemis_bertha","Lentic",35815,"Non Forest",24.845833333434,40.2624999998612,15.4166666664272
"Celithemis_elisa","Lentic",204343,"Non Forest",28.3875000000456,50.9291666663621,22.5416666663165
"Celithemis_eponina","Lentic",275676,"Non Forest",24.5125000001058,51.0124999996942,26.4999999995884
"Celithemis_fasciata","Lentic",190568,"Non Forest",25.3041666667602,44.7624999997913,19.4583333330311
"Celithemis_martha","Lentic",21373,"Non Forest",37.0541666665777,46.262499999768,9.2083333331903
"Celithemis_ornata","Lentic",21009,"Non Forest",24.804166666768,41.4708333331757,16.6666666664077
"Celithemis_verna","Lentic",102760,"Non Forest",28.8041666667058,42.012499999834,13.2083333331282
"Chromagrion_conditum","Lentic",138515,"Non Forest",31.9708333333233,50.554166666368,18.5833333330447
"Coenagrion_angulatum","Lentic",191391,"Non Forest",40.6791666665214,67.9291666660981,27.2499999995767
"Coenagrion_interrogatum","Lentic",455159,"Non Forest",42.3458333331621,69.4708333327408,27.1249999995787
"Coenagrion_resolutum","Lentic",701307,"Non Forest",34.6374999999485,70.0958333327311,35.4583333327826
"Cordulegaster_bilineata","Lotic",78826,"Forest",29.7625000000243,46.9708333330903,17.208333333066
"Cordulegaster_diadema","Lotic",15543,"Forest",18.1791666668709,38.3041666665583,20.1249999996874
"Cordulegaster_dorsalis","Lotic",142203,"Forest",31.8874999999913,58.5124999995777,26.6249999995864
"Cordulegaster_erronea","Lotic",57245,"Forest",32.7624999999777,43.9708333331369,11.2083333331592
"Cordulegaster_maculata","Lotic",274074,"Forest",28.8041666667058,51.5958333330184,22.7916666663126
"Cordulegaster_obliqua","Lotic",231174,"Forest",28.8041666667058,48.7208333330631,19.9166666663573
"Cordulegaster_sarracenia","Lotic",1695,"Forest",30.3458333333485,32.7208333333116,2.3749999999631
"Cordulegaster_sayi","Lotic",2622,"Forest",28.7625000000398,32.5541666666476,3.7916666666078
"Cordulegaster_talaria","Lotic",470,"Forest",33.7624999999621,34.8041666666126,1.0416666666505
"Cordulia_shurtleffii","Lentic",557424,"Non Forest",35.1374999999408,67.3874999994398,32.249999999499
"Coryphaeschna_adnexa","Lentic",391732,"Forest",-29.9041666657155,35.1374999999408,65.0416666656563
"Coryphaeschna_apeora","Lentic",10516,"Non Forest",9.59583333367087,27.3041666667291,17.7083333330582
"Coryphaeschna_diapyra","Lentic",38411,"Non Forest",-1.15416666616214,22.3875000001388,23.5416666663009
"Coryphaeschna_ingens","Lentic",79581,"Non Forest",24.5125000001058,37.6374999999019,13.1249999997961
"Coryphaeschna_viriditas","Lentic",390024,"Non Forest",-24.487499999133,30.8875000000068,55.3749999991398
"Crocothemis_servilia","Lentic",336521,"Non Forest",19.3041666668534,47.0541666664223,27.7499999995689
"Didymops_floridensis","Lotic",5875,"Non Forest",26.3875000000767,32.0958333333214,5.7083333332447
"Didymops_transversa","Lotic",308927,"Non Forest",27.7625000000553,51.8041666663485,24.0416666662932
"Dorocordulia_lepida","Lentic",36105,"Non Forest",37.3874999999058,47.4291666664165,10.0416666665107
"Dorocordulia_libera","Lentic",176712,"Non Forest",38.7624999998845,53.9291666663155,15.166666666431
"Dromogomphus_armatus","Lotic",29707,"Forest",27.6791666667233,36.2208333332573,8.541666666534
"Dromogomphus_spinosus","Lotic",297084,"Forest",26.30417,51.9291666663466,25.6249966663466
"Dromogomphus_spoliatus","Lotic",145084,"Non Forest",21.8875000001466,43.7624999998068,21.8749999996602
"Dythemis_fugax","Lentic",81565,"Non Forest",23.0958333334612,40.4708333331913,17.3749999997301
"Dythemis_maya","Lentic",39245,"Non Forest",17.2208333335524,33.3041666666359,16.0833333330835
"Dythemis_nigra","Lentic",146057,"Non Forest",-28.0291666657447,23.8458333334495,51.8749999991942
"Dythemis_nigrescens","Lentic",114253,"Non Forest",16.8458333335582,37.845833333232,20.9999999996738
"Dythemis_sterilis","Lentic",114452,"Non Forest",-12.8624999993136,28.0125000000515,40.8749999993651
"Dythemis_velox","Lentic",294929,"Non Forest",17.0541666668883,51.9708333330126,34.9166666661243
"Enallagma_anna","Lotic",151169,"Non Forest",33.0958333333058,52.3874999996728,19.291666666367
"Enallagma_annexum","Lentic",700470,"Non Forest",29.4291666666961,69.5958333327388,40.1666666660427
"Enallagma_antennatum","Lotic",165175,"Non Forest",34.6374999999485,50.8041666663641,16.1666666664156
"Enallagma_aspersum","Lentic",204030,"Non Forest",29.3458333333641,47.8874999997427,18.5416666663786
"Enallagma_basidens","Lentic",254260,"Non Forest",21.5958333334845,45.8458333331078,24.2499999996233
"Enallagma_boreale","Lentic",881675,"Non Forest",30.0541666666864,69.6374999994049,39.5833333327185
"Enallagma_cardenium","Lotic",5370,"Non Forest",25.1375000000961,31.7208333333272,6.5833333332311
"Enallagma_carunculatum","Lentic",500931,"Non Forest",30.2208333333505,55.4708333329583,25.2499999996078
"Enallagma_civile","Lentic",650856,"Non Forest",4.97083333374272,52.9291666663311,47.9583333325884
"Enallagma_clausum","Lentic",352965,"Non Forest",32.4291666666495,56.5124999996087,24.0833333329592
"Enallagma_concisum","Lentic",14562,"Non Forest",26.0541666667485,35.679166666599,9.6249999998505
"Enallagma_daeckii","Lentic",94331,"Non Forest",26.5125000000748,43.1791666664825,16.6666666664077
"Enallagma_davisi","Lentic",17387,"Non Forest",27.8458333333874,36.2208333332573,8.3749999998699
"Enallagma_divagans","Lotic",152174,"Forest",26.929166666735,45.7208333331097,18.7916666663747
"Enallagma_doubledayi","Lentic",86183,"Non Forest",24.845833333434,43.3041666664806,18.4583333330466
"Enallagma_dubium","Lentic",63787,"Non Forest",28.7625000000398,39.0124999998806,10.2499999998408
"Enallagma_durum","Lentic",65811,"Non Forest",25.4291666667582,45.5958333331116,20.1666666663534
"Enallagma_ebrium","Lentic",365245,"Non Forest",35.9708333332612,59.137499999568,23.1666666663068
"Enallagma_eiseni","Lotic",16662,"Non Forest",22.845833333465,34.0124999999583,11.1666666664933
"Enallagma_exsulans","Lotic",251607,"Non Forest",28.0541666667175,50.8458333330301,22.7916666663126
"Enallagma_geminatum","Lentic",238361,"Non Forest",28.0958333333835,49.3458333330534,21.2499999996699
"Enallagma_hageni","Lentic",287949,"Non Forest",34.6791666666146,57.054166666267,22.3749999996524
"Enallagma_laterale","Lentic",12889,"Non Forest",39.2208333332107,46.0541666664379,6.8333333332272
"Enallagma_minusculum","Lentic",17632,"Non Forest",38.7624999998845,47.8041666664107,9.0416666665262
"Enallagma_novaehispaniae","Lotic",103254,"Non Forest",-28.3624999990728,34.9291666666107,63.2916666656835
"Enallagma_pallidum","Lentic",20684,"Non Forest",27.054166666733,39.6374999998709,12.5833333331379
"Enallagma_pictum","Lentic",4264,"Non Forest",38.7624999998845,45.6791666664437,6.9166666665592
"Enallagma_pollutum","Lentic",5226,"Non Forest",24.5958333334379,33.4708333333,8.8749999998621
"Enallagma_praevarum","Lotic",234059,"Non Forest",15.6375000002437,50.0958333330417,34.458333332798
"Enallagma_recurvatum","Lentic",1712,"Non Forest",38.7208333332184,44.304166666465,5.5833333332466
"Enallagma_semicirculare","Lentic",23245,"Non Forest",17.1375000002204,33.8458333332942,16.7083333330738
"Enallagma_signatum","Lentic",251647,"Non Forest",23.0958333334612,48.6791666663971,25.5833333329359
"Enallagma_sulcatum","Lentic",7500,"Non Forest",26.5125000000748,34.9708333332767,8.4583333332019
"Enallagma_traviatum","Lentic",98861,"Non Forest",29.4291666666961,45.7624999997757,16.3333333330796
"Enallagma_vernale","Lentic",123295,"Non Forest",40.6374999998553,51.3874999996883,10.749999999833
"Enallagma_vesperum","Lentic",184620,"Non Forest",25.6791666667544,49.1374999997233,23.4583333329689
"Enallagma_weewa","Lotic",26578,"Forest",26.0958333334146,42.4708333331602,16.3749999997456
"Epiaeschna_heros","Lentic",130927,"Forest",25.8875000000845,45.5958333331116,19.7083333330271
"Epigomphus_crepidus","Lotic",3761,"Forest",15.6375000002437,22.4708333334709,6.8333333332272
"Epitheca_canis","Lentic",288397,"Non Forest",36.2624999999233,57.012499999601,20.7499999996777
"Epitheca_costalis","Lentic",143350,"Non Forest",27.4708333333932,43.9708333331369,16.4999999997437
"Epitheca_cynosura","Lentic",315925,"Non Forest",25.8458333334184,51.3874999996883,25.5416666662699
"Epitheca_petechialis","Lentic",76439,"Non Forest",25.5125000000903,45.5958333331116,20.0833333330213
"Epitheca_princeps","Lentic",346382,"Non Forest",24.7625000001019,50.8458333330301,26.0833333329282
"Epitheca_semiaquea","Lentic",142199,"Non Forest",28.1791666667155,47.3041666664184,19.1249999997029
"Epitheca_sepia","Lentic",16392,"Non Forest",24.845833333434,33.8041666666282,8.9583333331942
"Epitheca_spinigera","Lentic",420253,"Forest",36.1374999999252,58.5541666662437,22.4166666663185
"Epitheca_spinosa","Lentic",19565,"Forest",30.1375000000184,41.0124999998495,10.8749999998311
"Epitheca_stella","Lentic",5911,"Non Forest",24.7208333334359,30.9708333333388,6.2499999999029
"Erpetogomphus_bothrops","Lotic",24693,"Forest",13.4708333336107,29.262500000032,15.7916666664213
"Erpetogomphus_compositus","Lotic",109415,"Non Forest",25.2208333334282,48.2624999997369,23.0416666663087
"Erpetogomphus_constrictor","Lotic",3338,"Forest",7.88750000036407,26.0125000000825,18.1249999997184
"Erpetogomphus_crotalinus","Lotic",52266,"Non Forest",12.7625000002883,33.3458333333019,20.5833333330136
"Erpetogomphus_designatus","Lotic",193572,"Non Forest",24.5958333334379,48.470833333067,23.8749999996291
"Erpetogomphus_elaps","Lotic",56701,"Forest",13.9291666669369,32.4291666666495,18.4999999997126
"Erpetogomphus_heterodon","Lotic",1192,"Non Forest",31.9291666666573,34.2624999999544,2.3333333332971
"Erpetogomphus_lampropeltis","Lotic",16407,"Non Forest",25.3041666667602,36.7624999999155,11.4583333331553
"Erpetogomphus_liopeltis","Lotic",4376,"Forest",18.3041666668689,26.4708333334087,8.1666666665398
"Erpetogomphus_molossus","Lotic",5661,"Forest",25.0541666667641,29.8041666666903,4.7499999999262
"Erpetogomphus_sipedon","Lotic",3976,"Forest",18.0125000002068,24.6375000001039,6.6249999998971
"Erythemis_attala","Lentic",634404,"Non Forest",-35.7374999989583,37.7624999999,73.4999999988583
"Erythemis_collocata","Lentic",67297,"Non Forest",19.8041666668456,50.8458333330301,31.0416666661845
"Erythemis_mithroides","Lentic",104792,"Non Forest",-27.8208333324146,27.3875000000612,55.2083333324758
"Erythemis_peruviana","Lentic",613496,"Non Forest",-28.9458333323971,31.387499999999,60.3333333323961
"Erythemis_plebeja","Lentic",762117,"Non Forest",-35.7374999989583,34.3041666666204,70.0416666655787
"Erythemis_simplicicollis","Lentic",320334,"Non Forest",17.2208333335524,49.4291666663854,32.208333332833
"Erythemis_vesiculosa","Lentic",613143,"Non Forest",-29.3624999990573,42.9291666664864,72.2916666655437
"Erythrodiplax_basifusca","Lentic",39357,"Non Forest",17.8458333335427,35.720833333265,17.8749999997223
"Erythrodiplax_berenice","Lentic",240194,"Non Forest",5.30416666707087,46.262499999768,40.9583333326971
"Erythrodiplax_fervida","Lentic",85880,"Non Forest",4.22083333375437,27.012500000067,22.7916666663126
"Erythrodiplax_funerea","Lentic",106320,"Non Forest",-3.07083333279903,38.3458333332243,41.4166666660233
"Erythrodiplax_fusca","Lentic",287524,"Non Forest",-29.3208333323913,31.0958333333369,60.4166666657282
"Erythrodiplax_minuscula","Lentic",129500,"Non Forest",24.5541666667718,45.0124999997874,20.4583333330156
"Erythrodiplax_umbrata","Lentic",718366,"Non Forest",-32.5708333323408,46.8458333330922,79.416666665433
"Gomphaeschna_antilope","Lentic",65516,"Non Forest",25.1791666667621,42.137499999832,16.9583333330699
"Gomphaeschna_furcillata","Lentic",144730,"Non Forest",27.095833333399,47.8041666664107,20.7083333330117
"Gomphurus_crassus","Lotic",11467,"Forest",33.5958333332981,42.4708333331602,8.8749999998621
"Gomphurus_dilatatus","Lotic",29409,"Forest",26.0958333334146,38.9291666665485,12.8333333331339
"Gomphurus_externus","Lotic",156131,"Non Forest",25.5958333334223,52.3458333330068,26.7499999995845
"Gomphurus_fraternus","Lotic",201284,"Forest",34.0541666666243,53.4291666663233,19.374999999699
"Gomphurus_gonzalezi","Lotic",1001,"Non Forest",20.8875000001621,27.3041666667291,6.416666666567
"Gomphurus_hybridus","Lotic",45720,"Non Forest",29.5125000000282,38.5958333332204,9.0833333331922
"Gomphurus_lineatifrons","Lotic",58356,"Non Forest",32.2208333333194,48.9708333330592,16.7499999997398
"Gomphurus_lynnae","Lotic",10225,"Non Forest",39.5124999998728,47.8874999997427,8.3749999998699
"Gomphurus_modestus","Lotic",13829,"Non Forest",29.0541666667019,36.3458333332553,7.2916666665534
"Gomphurus_ozarkensis","Lotic",14515,"Forest",33.0958333333058,40.4291666665252,7.3333333332194
"Gomphurus_septima","Lotic",4986,"Forest",32.4291666666495,43.1791666664825,10.749999999833
"Gomphurus_vastus","Lotic",266316,"Non Forest",26.8458333334029,52.3874999996728,25.5416666662699
"Gomphurus_ventricosus","Lotic",44820,"Non Forest",34.6374999999485,49.8458333330456,15.2083333330971
"Gynacantha_mexicana","Lentic",139276,"Forest",-10.9458333326767,27.054166666733,37.9999999994097
"Gynacantha_nervosa","Lentic",145711,"Forest",-22.0291666658379,40.6374999998553,62.6666666656932
"Hagenius_brevistylus","Lotic",266132,"Non Forest",26.5125000000748,53.4291666663233,26.9166666662485
"Helocordulia_selysii","Lotic",42615,"Forest",29.7208333333583,39.887499999867,10.1666666665087
"Helocordulia_uhleri","Lotic",97637,"Forest",32.3874999999835,50.3458333330379,17.9583333330544
"Hesperagrion_heterodoxum","Lentic",39039,"Non Forest",16.262500000234,40.2208333331951,23.9583333329611
"Hetaerina_americana","Lotic",285299,"Non Forest",18.512500000199,48.8874999997272,30.3749999995282
"Hetaerina_calverti","Lotic",25549,"Non Forest",14.4708333335951,29.6375000000262,15.1666666664311
"Hetaerina_capitalis","Lotic",66626,"Forest",-4.36249999944563,22.9291666667971,27.2916666662427
"Hetaerina_cruentata","Lotic",33410,"Non Forest",1.09583333380291,23.4708333334553,22.3749999996524
"Hetaerina_occisa","Lotic",86584,"Non Forest",-11.9041666659951,23.9708333334476,35.8749999994427
"Hetaerina_titia","Lotic",217761,"Non Forest",8.01250000036214,45.6374999997777,37.6249999994156
"Hetaerina_vulnerata","Lotic",66020,"Non Forest",10.1791666669951,38.5124999998883,28.3333333328932
"Hylogomphus_abbreviatus","Lotic",12061,"Non Forest",33.0541666666398,46.8041666664262,13.7499999997864
"Hylogomphus_adelphus","Lotic",111920,"Non Forest",33.9708333332922,51.3874999996883,17.4166666663961
"Hylogomphus_apomyius","Lotic",44559,"Forest",29.6791666666922,39.887499999867,10.2083333331748
"Hylogomphus_geminatus","Lotic",4786,"Forest",29.8041666666903,33.429166666634,3.6249999999437
"Hylogomphus_parvidens","Lotic",29449,"Forest",31.387499999999,39.7208333332029,8.3333333332039
"Hylogomphus_viridifrons","Lotic",84963,"Non Forest",32.3874999999835,49.8458333330456,17.4583333330621
"Idiataphe_cubensis","Lentic",71067,"Non Forest",4.51250000041651,31.1791666666689,26.6666666662524
"Ischnura_barberi","Lentic",148366,"Non Forest",24.6791666667699,43.3041666664806,18.6249999997107
"Ischnura_capreolus","Lentic",669267,"Non Forest",-35.7374999989583,23.2208333334592,58.9583333324175
"Ischnura_cervula","Lentic",170410,"Non Forest",30.5125000000126,55.9291666662845,25.4166666662719
"Ischnura_damula","Lentic",231252,"Non Forest",29.137500000034,60.5958333328786,31.4583333328446
"Ischnura_demorsa","Lentic",78487,"Non Forest",18.6791666668631,39.4291666665408,20.7499999996777
"Ischnura_denticollis","Lentic",222350,"Non Forest",15.9291666669058,49.1791666663893,33.2499999994835
"Ischnura_erratica","Lentic",17225,"Non Forest",36.2624999999233,50.8458333330301,14.5833333331068
"Ischnura_gemina","Lentic",1350,"Non Forest",35.4708333332689,39.3458333332087,3.8749999999398
"Ischnura_hastata","Lentic",327853,"Non Forest",4.55416666708253,47.3041666664184,42.7499999993359
"Ischnura_kellicotti","Lentic",156348,"Non Forest",24.6791666667699,46.1374999997699,21.458333333
"Ischnura_perparva","Lentic",227464,"Non Forest",31.387499999999,55.4708333329583,24.0833333329593
"Ischnura_posita","Lentic",320601,"Non Forest",17.0541666668883,50.8458333330301,33.7916666661418
"Ischnura_prognata","Lentic",79746,"Non Forest",24.5958333334379,42.6791666664903,18.0833333330524
"Ischnura_ramburii","Lentic",143592,"Non Forest",-3.77916666612136,44.5958333331272,48.3749999992486
"Ischnura_verticalis","Lentic",308202,"Non Forest",19.0125000001913,52.0541666663447,33.0416666661534
"Ladona_deplanata","Lentic",118436,"Non Forest",25.3041666667602,44.8041666664573,19.4999999996971
"Ladona_exusta","Lentic",22604,"Non Forest",37.0124999999116,47.4708333330825,10.4583333331709
"Ladona_julia","Lentic",178201,"Forest",37.0124999999116,55.9708333329505,18.9583333330389
"Lanthus_parvulus","Lotic",40665,"Forest",36.4291666665874,49.2208333330553,12.7916666664679
"Lanthus_vernalis","Lotic",40977,"Forest",33.8458333332942,47.3874999997505,13.5416666664563
"Leptobasis_lucifer","Lentic",24027,"Forest",9.88750000033301,27.3458333333951,17.4583333330621
"Leptobasis_melinogaster","Lentic",31975,"Forest",15.6375000002437,30.3458333333485,14.7083333331048
"Leptobasis_vacillans","Lentic",122015,"Forest",-4.40416666611165,26.929166666735,31.3333333328466
"Lestes_alacer","Lentic",176016,"Non Forest",13.6375000002748,41.8041666665039,28.1666666662291
"Lestes_australis","Lentic",283585,"Non Forest",25.2625000000942,47.3041666664184,22.0416666663242
"Lestes_congener","Lentic",469587,"Non Forest",31.0125000000048,59.2208333329,28.2083333328952
"Lestes_disjunctus","Lentic",661522,"Non Forest",32.9291666666417,69.0958333327466,36.1666666661049
"Lestes_dryas","Lentic",985160,"Non Forest",32.2624999999854,67.720833332768,35.4583333327826
"Lestes_eurinus","Lentic",188107,"Non Forest",33.9291666666262,49.8458333330456,15.9166666664194
"Lestes_forcipatus","Lentic",310422,"Non Forest",32.7208333333116,55.8874999996184,23.1666666663068
"Lestes_forficula","Lentic",388605,"Non Forest",-27.8624999990806,34.3041666666204,62.166666665701
"Lestes_inaequalis","Lentic",145157,"Non Forest",28.8041666667058,51.3874999996883,22.5833333329825
"Lestes_rectangularis","Lentic",220764,"Non Forest",28.4291666667117,53.0124999996631,24.5833333329514
"Lestes_sigma","Lentic",81683,"Non Forest",9.51250000033883,34.8874999999447,25.3749999996059
"Lestes_tenuatus","Lentic",85340,"Non Forest",-3.02916666613301,28.8875000000379,31.9166666661709
"Lestes_unguiculatus","Lentic",525649,"Non Forest",32.5124999999816,60.6374999995447,28.1249999995631
"Lestes_vigilax","Lentic",176125,"Non Forest",25.3041666667602,48.7208333330631,23.4166666663029
"Leucorrhinia_borealis","Lentic",195459,"Non Forest",35.67917,66.9291666661136,31.2499966661136
"Leucorrhinia_frigida","Lentic",149540,"Non Forest",37.4291666665718,51.5958333330184,14.1666666664466
"Leucorrhinia_glacialis","Lentic",354012,"Non Forest",36.7208333332495,66.4291666661214,29.7083333328719
"Leucorrhinia_hudsonica","Lentic",692497,"Non Forest",35.1791666666068,69.7208333327369,34.5416666661301
"Leucorrhinia_intacta","Lentic",500225,"Non Forest",34.7624999999466,60.0958333328864,25.3333333329398
"Leucorrhinia_patricia","Lentic",285123,"Non Forest",44.220833333133,69.6374999994049,25.4166666662719
"Leucorrhinia_proxima","Lentic",400556,"Non Forest",36.6374999999175,69.7208333327369,33.0833333328194
"Libellula_auripennis","Lentic",149150,"Non Forest",25.4708333334243,43.5541666664767,18.0833333330524
"Libellula_axilena","Lentic",119727,"Forest",25.6375000000883,43.1791666664825,17.5416666663942
"Libellula_coahuiltecana","Lentic",32,"Non Forest",26.5958333334068,27.095833333399,0.499999999992198
"Libellula_comanche","Lentic",93359,"Non Forest",24.929166666766,44.262499999799,19.333333333033
"Libellula_composita","Lentic",121599,"Non Forest",25.9708333334165,44.0541666664689,18.0833333330524
"Libellula_croceipennis","Lentic",190105,"Non Forest",9.55416666700485,41.7208333331718,32.1666666661669
"Libellula_cyanea","Lentic",128120,"Non Forest",28.9708333333699,47.3458333330845,18.3749999997146
"Libellula_flavida","Lentic",128280,"Non Forest",28.8875000000379,42.095833333166,13.2083333331281
"Libellula_foliata","Lentic",1244,"Non Forest",9.26250000034271,16.387500000232,7.12499999988929
"Libellula_forensis","Lentic",196746,"Non Forest",31.4708333333311,51.3874999996883,19.9166666663572
"Libellula_gaigei","Lentic",9336,"Non Forest",15.5958333335777,26.929166666735,11.3333333331573
"Libellula_incesta","Lentic",193306,"Non Forest",24.5125000001058,47.3874999997505,22.8749999996447
"Libellula_jesseana","Lentic",3234,"Non Forest",26.5125000000748,30.8875000000068,4.374999999932
"Libellula_luctuosa","Lentic",407082,"Non Forest",24.6375000001039,51.9708333330126,27.3333333329087
"Libellula_needhami","Lentic",28397,"Non Forest",21.6375000001505,44.220833333133,22.5833333329825
"Libellula_nodisticta","Lentic",140129,"Non Forest",18.512500000199,44.220833333133,25.708333332934
"Libellula_pulchella","Lentic",507104,"Non Forest",25.1375000000961,52.679166666335,27.5416666662389
"Libellula_quadrimaculata","Lentic",2014379,"Non Forest",27.012500000067,71.0124999993835,43.9999999993165
"Libellula_saturata","Lentic",391606,"Non Forest",17.6375000002126,49.1374999997233,31.4999999995107
"Libellula_semifasciata","Lentic",157929,"Non Forest",27.6375000000573,46.304166666434,18.6666666663767
"Libellula_vibrans","Lentic",95586,"Non Forest",25.2625000000942,45.6791666664437,20.4166666663495
"Macrodiplax_balteata","Lentic",120938,"Non Forest",17.4708333335485,38.3041666665583,20.8333333330098
"Macromia_alleghaniensis","Lotic",63837,"Non Forest",30.3041666666825,42.6791666664903,12.3749999998078
"Macromia_annulata","Lotic",24005,"Non Forest",21.3458333334884,35.595833333267,14.2499999997786
"Macromia_illinoiensis","Lotic",292685,"Non Forest",26.3458333334107,52.5124999996709,26.1666666662602
"Macromia_magnifica","Lotic",136495,"Non Forest",19.6791666668476,52.3874999996728,32.7083333328252
"Macromia_margarita","Lotic",6308,"Non Forest",33.429166666634,38.1374999998942,4.7083333332602
"Macromia_pacifica","Lotic",39215,"Non Forest",27.3458333333951,44.5958333331272,17.2499999997321
"Macromia_taeniolata","Lotic",58714,"Non Forest",25.3875000000922,44.3874999997971,18.9999999997049
"Macrothemis_imitans","Lotic",261651,"Non Forest",-33.3208333323291,30.8458333333408,64.1666666656699
"Macrothemis_inacuta","Lotic",87851,"Non Forest",-26.7374999990981,34.7624999999466,61.4999999990447
"Macrothemis_inequiunguis","Lotic",52101,"Non Forest",-1.07083333283011,31.8874999999913,32.9583333328214
"Macrothemis_pseudimitans","Lotic",508403,"Non Forest",-29.4874999990553,33.9708333332922,63.4583333323475
"Macrothemis_ultima","Lotic",4540,"Forest",18.5958333335311,28.4708333333777,9.8749999998466
"Mecistogaster_ornata","Lentic",368295,"Forest",-25.1958333324553,24.1791666667777,49.374999999233
"Miathyria_marcella","Lentic",414938,"Non Forest",-35.7374999989583,44.0124999998029,79.7499999987612
"Micrathyria_aequalis","Lentic",123161,"Non Forest",-4.40416666611165,32.6791666666456,37.0833333327572
"Micrathyria_debilis","Lentic",18706,"Non Forest",9.92916666699902,23.2208333334592,13.2916666664602
"Micrathyria_didyma","Lentic",139879,"Non Forest",-3.02916666613301,33.8041666666282,36.8333333327612
"Micrathyria_dissocians","Lentic",14940,"Non Forest",17.8875000002087,27.2208333333971,9.3333333331884
"Micrathyria_hagenii","Lentic",128701,"Non Forest",9.47083333367281,36.9291666665796,27.4583333329068
"Nannothemis_bella","Lentic",84269,"Non Forest",29.6375000000262,50.0958333330417,20.4583333330155
"Nasiaeschna_pentacantha","Lentic",211909,"Forest",24.5958333334379,49.4291666663854,24.8333333329475
"Nehalennia_gracilis","Lentic",163820,"Forest",28.8041666667058,49.2624999997214,20.4583333330156
"Nehalennia_integricollis","Lentic",55654,"Forest",25.2625000000942,44.3458333331311,19.0833333330369
"Nehalennia_irene","Lentic",378589,"Forest",36.0124999999272,60.1374999995524,24.1249999996252
"Nehalennia_minuta","Lentic",158614,"Forest",-24.529166665799,26.1375000000806,50.6666666658796
"Nehalennia_pallidula","Lentic",2629,"Forest",24.5125000001058,29.7625000000243,5.2499999999185
"Neoerythromma_cultellatum","Lentic",47099,"Non Forest",-6.07083333275243,27.7625000000553,33.8333333328077
"Neoerythromma_gladiolatum","Lentic",2653,"Non Forest",18.1791666668709,27.9708333333854,9.7916666665145
"Neoneura_aaroni","Lotic",8921,"Forest",15.7208333335757,31.9291666666573,16.2083333330816
"Neoneura_amelia","Lotic",40593,"Forest",8.01250000036214,31.5541666666631,23.541666666301
"Neurocordulia_alabamensis","Lotic",39571,"Forest",26.5125000000748,36.4291666665874,9.9166666665126
"Neurocordulia_michaeli","Lotic",23089,"Non Forest",40.7624999998534,50.8458333330301,10.0833333331767
"Neurocordulia_molesta","Lotic",143707,"Forest",28.6375000000417,46.5124999997641,17.8749999997224
"Neurocordulia_obsoleta","Lotic",90349,"Forest",28.8041666667058,47.6791666664126,18.8749999997068
"Neurocordulia_virginiensis","Lotic",23267,"Forest",28.3458333333796,37.5958333332359,9.2499999998563
"Neurocordulia_xanthosoma","Lotic",38962,"Non Forest",27.9708333333854,40.1791666665291,12.2083333331437
"Neurocordulia_yamaskanensis","Lotic",117928,"Non Forest",33.8041666666282,51.1374999996922,17.333333333064
"Octogomphus_specularis","Lotic",22758,"Forest",31.9291666666573,49.7624999997136,17.8333333330563
"Ophiogomphus_acuminatus","Lotic",2351,"Non Forest",33.7624999999621,37.804166666566,4.04166666660389
"Ophiogomphus_anomalus","Lotic",42155,"Non Forest",40.1374999998631,49.8874999997117,9.7499999998486
"Ophiogomphus_arizonicus","Lotic",7661,"Non Forest",31.0125000000048,36.6374999999175,5.6249999999127
"Ophiogomphus_aspersus","Lotic",40138,"Forest",34.7208333332806,50.3458333330379,15.6249999997573
"Ophiogomphus_australis","Lotic",4993,"Forest",29.7625000000243,32.0958333333214,2.3333333332971
"Ophiogomphus_bison","Lotic",12451,"Non Forest",33.3458333333019,44.262499999799,10.9166666664971
"Ophiogomphus_carolus","Lotic",64275,"Non Forest",37.0124999999116,48.6791666663971,11.6666666664855
"Ophiogomphus_colubrinus","Lotic",314699,"Non Forest",42.6374999998243,61.1791666662029,18.5416666663786
"Ophiogomphus_edmundo","Lotic",503,"Non Forest",34.4708333332845,36.6374999999175,2.166666666633
"Ophiogomphus_howei","Lotic",56445,"Non Forest",33.8874999999602,48.554166666399,14.6666666664388
"Ophiogomphus_incurvatus","Lotic",23635,"Non Forest",32.3874999999835,40.2624999998612,7.8749999998777
"Ophiogomphus_mainensis","Lotic",33459,"Non Forest",34.4291666666184,48.2208333330709,13.7916666664525
"Ophiogomphus_morrisoni","Lotic",28663,"Non Forest",35.3458333332709,44.9708333331214,9.62499999985049
"Ophiogomphus_occidentis","Lotic",47689,"Non Forest",37.5124999999039,51.8874999996806,14.3749999997767
"Ophiogomphus_rupinsulensis","Lotic",180921,"Non Forest",34.5541666666165,56.3874999996107,21.8333333329942
"Ophiogomphus_severus","Lotic",284923,"Non Forest",32.4708333333155,60.4708333328806,27.9999999995651
"Ophiogomphus_smithi","Lotic",6005,"Forest",41.0541666665155,46.6791666664282,5.6249999999127
"Ophiogomphus_susbehcha","Lotic",12166,"Non Forest",36.7208333332495,47.1791666664204,10.4583333331709
"Ophiogomphus_westfalli","Lotic",5272,"Non Forest",33.7208333332961,39.4708333332068,5.7499999999107
"Oplonaeschna_armata","Lentic",78627,"Non Forest",14.4291666669291,38.7208333332184,24.2916666662893
"Oplonaeschna_magna","Lentic",238,"Non Forest",17.5125000002146,19.6791666668476,2.166666666633
"Orthemis_discolor","Lentic",846187,"Non Forest",-35.3208333322981,37.8874999998981,73.2083333321962
"Orthemis_ferruginea","Lentic",159027,"Non Forest",8.01250000036214,40.4291666665252,32.4166666661631
"Pachydiplax_longipennis","Lentic",480099,"Non Forest",16.7208333335602,50.8874999996961,34.1666666661359
"Palaemnema_domina","Lotic",9928,"Forest",17.5541666668806,33.8874999999602,16.3333333330796
"Palaemnema_paulicoba","Lotic",7066,"Forest",17.6375000002126,26.1791666667466,8.541666666534
"Paltothemis_cyanosoma","Lotic",160,"Forest",19.0541666668573,21.5541666668184,2.4999999999611
"Paltothemis_lineatipes","Lotic",200222,"Non Forest",7.97083333369612,44.0541666664689,36.0833333327728
"Pantala_flavescens","Lentic",4226598,"Non Forest",-35.9458333322884,56.9708333329349,92.9166666652233
"Pantala_hymenaea","Lentic",554023,"Non Forest",-33.8208333323214,59.7208333328922,93.5416666652136
"Perithemis_domitia","Lotic",80862,"Forest",-1.57083333282233,34.1791666666223,35.7499999994446
"Perithemis_intensa","Lentic",40320,"Non Forest",17.2208333335524,38.3874999998903,21.1666666663379
"Perithemis_tenera","Lentic",827208,"Non Forest",-35.0291666656359,49.8041666663796,84.8333333320155
"Phanogomphus_australis","Lentic",22945,"Non Forest",26.6375000000728,36.1374999999252,9.4999999998524
"Phanogomphus_borealis","Lentic",18694,"Non Forest",36.5958333332515,47.8458333330767,11.2499999998252
"Phanogomphus_cavillaris","Lentic",11239,"Non Forest",25.8458333334184,35.1374999999408,9.2916666665224
"Phanogomphus_descriptus","Lotic",36592,"Non Forest",36.8874999999136,47.7624999997447,10.8749999998311
"Phanogomphus_diminutus","Lentic",1468,"Non Forest",32.8874999999757,35.637499999933,2.7499999999573
"Phanogomphus_exilis","Lentic",234604,"Non Forest",29.3041666666981,53.5541666663214,24.2499999996233
"Phanogomphus_graslinellus","Lotic",111199,"Non Forest",28.9291666667039,53.1791666663272,24.2499999996233
"Phanogomphus_hodgesi","Lotic",3556,"Forest",29.5541666666942,31.6791666666612,2.124999999967
"Phanogomphus_kurilis","Lentic",24732,"Non Forest",35.4291666666029,48.512499999733,13.0833333331301
"Phanogomphus_lividus","Lotic",187594,"Forest",29.262500000032,51.3874999996883,22.1249999996563
"Phanogomphus_militaris","Lentic",101045,"Non Forest",25.1375000000961,42.8041666664883,17.6666666663922
"Phanogomphus_minutus","Lotic",18550,"Non Forest",25.6791666667544,35.720833333265,10.0416666665106
"Phanogomphus_oklahomensis","Lentic",23465,"Non Forest",28.7208333333738,37.0124999999116,8.2916666665378
"Phanogomphus_quadricolor","Lotic",130377,"Non Forest",32.3874999999835,49.1374999997233,16.7499999997398
"Phanogomphus_sandrius","Lotic",353,"Non Forest",35.4708333332689,36.3458333332553,0.8749999999864
"Phanogomphus_spicatus","Lentic",131167,"Non Forest",38.7624999998845,52.3041666663408,13.5416666664563
"Phanogomphus_westfalli","Lentic",340,"Forest",30.3041666666825,31.0125000000048,0.708333333322297
"Phyllocycla_breviphylla","Lotic",6762,"Non Forest",10.8041666669854,27.5125000000592,16.7083333330738
"Phyllocycla_elongata","Lotic",10467,"Non Forest",17.0125000002223,25.6375000000883,8.624999999866
"Phyllogomphoides_albrighti","Lotic",27938,"Non Forest",16.6375000002282,34.0958333332903,17.4583333330621
"Phyllogomphoides_apiculatus","Lotic",9242,"Forest",15.6375000002437,24.0958333334456,8.4583333332019
"Phyllogomphoides_luisi","Lotic",3477,"Forest",17.2208333335524,22.3875000001388,5.1666666665864
"Phyllogomphoides_nayaritensis","Lotic",10017,"Forest",20.637500000166,33.9708333332922,13.3333333331262
"Phyllogomphoides_stigmatus","Lotic",50746,"Non Forest",25.3458333334262,37.7624999999,12.4166666664738
"Phyllogomphoides_suasus","Lotic",21819,"Forest",9.22083333367669,26.4708333334087,17.249999999732
"Planiplax_sanguiniventris","Lentic",16317,"Non Forest",14.9708333335874,26.4708333334087,11.4999999998213
"Plathemis_lydia","Lentic",278384,"Non Forest",25.2208333334282,52.0958333330107,26.8749999995825
"Plathemis_subornata","Lentic",99822,"Non Forest",29.0125000000359,44.220833333133,15.2083333330971
"Progomphus_bellei","Lotic",2344,"Forest",29.5958333333602,35.1374999999408,5.5416666665806
"Progomphus_belyshevi","Lotic",2245,"Forest",17.3875000002165,20.679166666832,3.2916666666155
"Progomphus_borealis","Lotic",132923,"Non Forest",18.1791666668709,43.8874999998049,25.708333332934
"Progomphus_clendoni","Lotic",25219,"Forest",9.63750000033689,29.3875000000301,19.7499999996932
"Progomphus_lambertoi","Lotic",3553,"Forest",18.0125000002068,29.262500000032,11.2499999998252
"Progomphus_obscurus","Lotic",263749,"Non Forest",26.8458333334029,47.3458333330845,20.4999999996816
"Protoneura_cara","Lotic",101852,"Forest",3.09583333377184,32.2624999999854,29.1666666662136
"Protoneura_corculum","Lotic",18463,"Forest",14.6791666669252,22.762500000133,8.0833333332078
"Protoneura_rojiza","Lotic",10542,"Forest",16.220833333568,22.6375000001349,6.4166666665669
"Pseudoleon_superbus","Lotic",116678,"Non Forest",9.30416666700873,39.7624999998689,30.4583333328602
"Remartinia_luteipennis","Lentic",234049,"Non Forest",-30.820833332368,33.429166666634,64.249999999002
"Remartinia_secreta","Lentic",25544,"Non Forest",17.5958333335466,27.012500000067,9.4166666665204
"Rhionaeschna_californica","Lentic",202827,"Non Forest",31.0125000000048,55.9708333329505,24.9583333329457
"Rhionaeschna_dugesi","Lentic",38198,"Non Forest",16.0958333335699,35.512499999935,19.4166666663651
"Rhionaeschna_jalapensis","Lentic",19798,"Non Forest",8.05416666702816,24.5958333334379,16.5416666664097
"Rhionaeschna_manni","Lentic",928,"Non Forest",23.0541666667951,29.4291666666961,6.374999999901
"Rhionaeschna_multicolor","Lentic",414702,"Non Forest",16.262500000234,52.3874999996728,36.1249999994388
"Rhionaeschna_mutata","Lentic",52602,"Non Forest",35.9291666665951,45.5124999997796,9.5833333331845
"Rhionaeschna_psilus","Lentic",179079,"Forest",-23.0291666658223,34.8458333332786,57.8749999991009
"Somatochlora_albicincta","Lentic",537158,"Non Forest",38.1374999998942,69.6374999994049,31.4999999995107
"Somatochlora_brevicincta","Lentic",112102,"Non Forest",44.3874999997971,58.0541666662515,13.6666666664544
"Somatochlora_calverti","Lotic",4664,"Forest",29.5958333333602,33.8874999999602,4.2916666666
"Somatochlora_cingulata","Lentic",354261,"Non Forest",40.6791666665214,59.5958333328942,18.9166666663728
"Somatochlora_elongata","Lentic",89118,"Non Forest",34.5541666666165,49.9708333330437,15.4166666664272
"Somatochlora_ensigera","Lotic",138060,"Non Forest",37.4291666665718,53.5958333329874,16.1666666664156
"Somatochlora_filosa","Lotic",32711,"Forest",26.0958333334146,41.2624999998456,15.166666666431
"Somatochlora_forcipata","Lotic",342585,"Non Forest",38.1374999998942,62.3874999995175,24.2499999996233
"Somatochlora_franklini","Lentic",269319,"Non Forest",43.2208333331485,69.6374999994049,26.4166666662564
"Somatochlora_georgiana","Lotic",46863,"Forest",29.5541666666942,43.8874999998049,14.3333333331107
"Somatochlora_hineana","Lentic",6870,"Non Forest",33.8874999999602,47.0541666664223,13.1666666664621
"Somatochlora_incurvata","Lentic",80094,"Non Forest",38.8041666665505,48.8458333330612,10.0416666665107
"Somatochlora_kennedyi","Lentic",244768,"Non Forest",40.0958333331971,67.9291666660981,27.833333332901
"Somatochlora_linearis","Lotic",132169,"Forest",27.6375000000573,45.3874999997816,17.7499999997243
"Somatochlora_margarita","Lotic",3007,"Forest",29.5958333333602,33.9291666666262,4.333333333266
"Somatochlora_minor","Lotic",411222,"Non Forest",39.3874999998748,66.8874999994476,27.4999999995728
"Somatochlora_ozarkensis","Lotic",13132,"Forest",32.4291666666495,39.5958333332049,7.1666666665554
"Somatochlora_provocans","Lotic",24726,"Forest",29.8041666666903,39.970833333199,10.1666666665087
"Somatochlora_sahlbergi","Lentic",785702,"Non Forest",42.7624999998223,73.8041666660068,31.0416666661845
"Somatochlora_semicircularis","Lentic",266750,"Non Forest",34.3458333332864,65.8458333327971,31.4999999995107
"Somatochlora_septentrionalis","Lentic",252422,"Non Forest",45.22083,63.2624999995039,18.0416699995039
"Somatochlora_tenebrosa","Lotic",112997,"Forest",30.2208333333505,48.1374999997388,17.9166666663883
"Somatochlora_walshii","Lotic",251900,"Non Forest",39.4708333332068,56.9708333329349,17.4999999997281
"Somatochlora_whitehousei","Lentic",246785,"Non Forest",44.5541666664612,69.0958333327466,24.5416666662854
"Somatochlora_williamsoni","Lotic",185085,"Forest",37.4291666665718,55.8874999996184,18.4583333330466
"Stenogomphurus_consanguis","Lotic",2533,"Forest",33.3041666666359,37.7624999999,4.4583333332641
"Stenogomphurus_rogersi","Lotic",19800,"Forest",32.2208333333194,41.970833333168,9.7499999998486
"Stylogomphus_albistylus","Lotic",166114,"Non Forest",30.8041666666748,49.8458333330456,19.0416666663708
"Stylogomphus_sigmastylus","Lotic",22682,"Forest",33.7208333332961,39.4708333332068,5.7499999999107
"Stylurus_amnicola","Lotic",161018,"Non Forest",29.5541666666942,51.0541666663602,21.499999999666
"Stylurus_intricatus","Lotic",201787,"Non Forest",29.095833333368,54.4291666663078,25.3333333329398
"Stylurus_ivae","Lotic",15946,"Forest",28.6791666667078,36.2208333332573,7.5416666665495
"Stylurus_laurae","Lotic",74644,"Forest",29.5958333333602,44.9708333331214,15.3749999997612
"Stylurus_notatus","Lotic",196007,"Non Forest",33.387499999968,54.970833332966,21.583333332998
"Stylurus_olivaceus","Lotic",27972,"Non Forest",35.3041666666048,49.9708333330437,14.6666666664389
"Stylurus_plagiatus","Lotic",211854,"Non Forest",25.2208333334282,46.3458333331,21.1249999996718
"Stylurus_potulentus","Lotic",2329,"Forest",29.9708333333544,31.4708333333311,1.4999999999767
"Stylurus_scudderi","Lotic",151032,"Non Forest",33.7208333332961,50.8458333330301,17.124999999734
"Stylurus_spiniceps","Lotic",118405,"Forest",33.1791666666379,49.0958333330573,15.9166666664194
"Stylurus_townesi","Lotic",9768,"Non Forest",29.7208333333583,35.7624999999311,6.0416666665728
"Sympetrum_ambiguum","Lentic",142246,"Non Forest",28.4291666667117,45.5124999997796,17.0833333330679
"Sympetrum_corruptum","Lentic",591069,"Non Forest",18.0541666668728,55.6374999996223,37.5833333327495
"Sympetrum_costiferum","Lentic",635487,"Non Forest",33.7624999999621,63.2624999995039,29.4999999995418
"Sympetrum_danae","Lentic",1467175,"Non Forest",32.1374999999874,71.1791666660476,39.0416666660602
"Sympetrum_illotum","Lentic",210521,"Non Forest",8.01250000036214,51.3874999996883,43.3749999993262
"Sympetrum_internum","Lentic",406274,"Non Forest",33.9708333332922,66.5958333327854,32.6249999994932
"Sympetrum_madidum","Lentic",131051,"Non Forest",31.9708333333233,66.9291666661136,34.9583333327903
"Sympetrum_obtrusum","Lentic",600785,"Non Forest",35.1791666666068,64.3041666661544,29.1249999995476
"Sympetrum_pallipes","Lentic",257791,"Non Forest",30.6375000000107,55.4708333329583,24.8333333329476
"Sympetrum_rubicundulum","Lentic",274117,"Non Forest",33.6374999999641,53.0124999996631,19.374999999699
"Sympetrum_semicinctum","Lentic",374866,"Non Forest",30.4708333333466,53.0541666663291,22.5833333329825
"Sympetrum_signiferum","Lentic",9027,"Non Forest",21.0958333334922,33.2208333333039,12.1249999998117
"Sympetrum_vicinum","Lentic",408455,"Non Forest",28.3041666667136,52.3874999996728,24.0833333329592
"Tachopteryx_thoreyi","Lentic",78607,"Forest",28.9291666667039,44.220833333133,15.2916666664291
"Tanypteryx_hageni","Lentic",25771,"Non Forest",35.512499999935,54.4291666663078,18.9166666663728
"Tauriphila_argo","Lentic",348868,"Non Forest",-29.6124999990534,27.012500000067,56.6249999991204
"Tauriphila_australis","Lentic",198039,"Non Forest",-17.4458333325757,28.8041666667058,46.2499999992815
"Tauriphila_azteca","Lentic",21792,"Non Forest",17.1791666668864,28.8458333333718,11.6666666664854
"Telebasis_byersi","Lentic",66220,"Non Forest",25.2625000000942,40.0541666665311,14.7916666664369
"Telebasis_digiticollis","Lentic",30693,"Non Forest",8.01250000036214,27.012500000067,18.9999999997049
"Telebasis_incolumis","Lentic",952,"Non Forest",25.1375000000961,32.4291666666495,7.2916666665534
"Telebasis_levis","Lentic",20086,"Non Forest",8.34583333369029,28.4291666667117,20.0833333330214
"Telebasis_salva","Lentic",277026,"Non Forest",2.76250000044368,46.4708333330981,43.7083333326544
"Tholymis_citrina","Lentic",408749,"Non Forest",-27.6541666657505,34.6374999999485,62.291666665699
"Tramea_abdominalis","Lentic",312045,"Non Forest",-25.7791666657796,32.8041666666437,58.5833333324233
"Tramea_binotata","Lentic",538826,"Non Forest",-26.695833332432,33.6374999999641,60.3333333323961
"Tramea_carolina","Lentic",232203,"Non Forest",24.5125000001058,48.512499999733,23.9999999996272
"Tramea_darwini","Lentic",842568,"Non Forest",-24.8208333324612,47.6374999997466,72.4583333322078
"Tramea_lacerata","Lentic",258283,"Non Forest",17.7625000002107,49.8458333330456,32.0833333328349
"Tramea_onusta","Lentic",484127,"Non Forest",11.8458333336359,48.0958333330728,36.2499999994369
"Triacanthagyna_caribbea","Lentic",555771,"Forest",-26.2791666657719,27.012500000067,53.2916666658389
"Triacanthagyna_septima","Lentic",570228,"Forest",-23.3624999991505,34.1374999999563,57.4999999991068
"Triacanthagyna_trifida","Lentic",23182,"Forest",17.6375000002126,35.679166666599,18.0416666663864
"Williamsonia_fletcheri","Lentic",49696,"Forest",41.1791666665136,50.3458333330379,9.1666666665243
"Williamsonia_lintneri","Lentic",7059,"Forest",39.970833333199,45.7208333331097,5.7499999999107
"Zoniagrion_exclamationis","Lotic",4042,"Non Forest",33.8874999999602,42.2624999998301,8.3749999998699
